,# edges,JSD
0,100,0.13285104930400848
1,200,0.13623397052288055
2,400,0.1343347132205963
3,800,0.12751570343971252
4,1000,0.12542793154716492
