,# edges,JSD
0,100,0.006199204362928867
1,200,0.00788076501339674
2,400,0.0061758398078382015
3,800,0.0069093406200408936
4,1000,0.00605627940967679
