,# edges,JSD
0,100,0.08623851835727692
1,200,0.08220158517360687
2,400,0.07713206857442856
3,800,0.07527612894773483
4,1000,0.07727174460887909
