,# edges,JSD
0,100,0.147629052400589
1,200,0.14615705609321594
2,400,0.13999728858470917
3,800,0.1304323822259903
4,1000,0.12421952188014984
