,# edges,JSD
0,100,0.03215422481298447
1,200,0.03496653959155083
2,400,0.03377784416079521
3,800,0.03286200389266014
4,1000,0.035297416150569916
