,# edges,JSD
0,100,0.025580789893865585
1,200,0.027606049552559853
2,400,0.028041819110512733
3,800,0.034540895372629166
4,1000,0.03222150355577469
