,# edges,JSD
0,100,0.0036884222645312548
1,200,0.003938409499824047
2,400,0.005773101933300495
3,800,0.005349881015717983
4,1000,0.006766358856111765
