,# edges,JSD
0,100,0.06193280220031738
1,200,0.06419984251260757
2,400,0.058028899133205414
3,800,0.05996911600232124
4,1000,0.05593212693929672
