,# edges,JSD
0,100,0.01463288627564907
1,200,0.014918252825737
2,400,0.01651151105761528
3,800,0.022271769121289253
4,1000,0.026512637734413147
