,# edges,JSD
0,100,0.006505890283733606
1,200,0.008244689553976059
2,400,0.007757189217954874
3,800,0.009058807976543903
4,1000,0.009434728883206844
