,# edges,JSD
0,100,0.12840446829795837
1,200,0.10773634910583496
2,400,0.1183837503194809
3,800,0.09798745065927505
4,1000,0.1055254191160202
