,# edges,JSD
0,100,0.02880788780748844
1,200,0.028827359899878502
2,400,0.027338648214936256
3,800,0.026881445199251175
4,1000,0.02758392132818699
